12	Lily Paschel	US			efd94b9b-e2bc-4e1b-b1ef-8d73f7fed6a6/portfolio/1778704207030_c3cf3c3116b3e3fa.mp4 efd94b9b-e2bc-4e1b-b1ef-8d73f7fed6a6/portfolio/1778704256732_f3ec04f09cb42b36.mp4 efd94b9b-e2bc-4e1b-b1ef-8d73f7fed6a6/portfolio/1778704310164_f6c534f3229cf3ae.mp4
13	Alison Boutwell	US			51496e49-d4bf-4423-a53a-33dfcc59b960/portfolio/1790118846403_733cb13603cbe31d.MP4 51496e49-d4bf-4423-a53a-33dfcc59b960/portfolio/1790116309124_82196bd21f13565b.mp4 51496e49-d4bf-4423-a53a-33dfcc59b960/portfolio/1790116433128_559d23f7ca083839.mp4
14	Nikki Lujan	US			69bf106f-0624-4a0d-8759-02bba7a41d59/portfolio/1790117867068_1c51071482adb43d.mov
15	Chris and Alicia Cameron	US			2b2b0f0d-cc15-4104-9dfd-a81bbccbc01f/portfolio/1790121259064_9768fc271559a076.mov 2b2b0f0d-cc15-4104-9dfd-a81bbccbc01f/portfolio/1790121308169_e86b86f066643163.mov 2b2b0f0d-cc15-4104-9dfd-a81bbccbc01f/portfolio/1790121411704_dfca47ce96afcc63.mov
16	Melissa Fuentes	US			c82880fb-a6c4-46b4-9e7e-22f55f466292/portfolio/1790125279473_619494604ddd5554.mov c82880fb-a6c4-46b4-9e7e-22f55f466292/portfolio/1789957443921_bc46f661a84721dc.mov c82880fb-a6c4-46b4-9e7e-22f55f466292/portfolio/1789957229264_0f50dab2c8e6440b.mov
18	Kait Hammons	US			a59ba806-8c9a-4d58-8499-9b64bfd0a243/portfolio/1789812873221_e135030cfc57408c.mov a59ba806-8c9a-4d58-8499-9b64bfd0a243/portfolio/1789812878557_90305596a2425b89.mov a59ba806-8c9a-4d58-8499-9b64bfd0a243/portfolio/1789812887694_1dd855b8ab10f30f.mov
19	Jordan Murray	US			addff18a-6ed5-4e5e-9874-7afec3e82a74/portfolio/1789573463195_68e3c3977c300756.mov addff18a-6ed5-4e5e-9874-7afec3e82a74/portfolio/1789573482376_548fd99218c16cb2.mov addff18a-6ed5-4e5e-9874-7afec3e82a74/portfolio/1789573506445_1a27627b92f1b776.mov
20	Ashlyn Miller	US			8cdd416f-81b3-4421-aef9-278ce2d150ea/portfolio/1790132344929_6f89cc3611bca796.mov 8cdd416f-81b3-4421-aef9-278ce2d150ea/portfolio/1790132700133_505321093913d24a.mov 8cdd416f-81b3-4421-aef9-278ce2d150ea/portfolio/1790132907356_46f9ee540a8a391c.mov
21	Victoria Ranaudo	US			1aa79bbd-8227-4559-80cc-7b4059dc2892/portfolio/1790050572982_1504677eb4089e6d.mp4 1aa79bbd-8227-4559-80cc-7b4059dc2892/portfolio/1790050601913_13376995d5768e31.mp4 1aa79bbd-8227-4559-80cc-7b4059dc2892/portfolio/1790050631969_ea35b1cbd7e3077a.mp4
22	Judith coronel	US			5174fa67-b8fb-45bc-8182-d618d4570c71/portfolio/1787547075965_3d4fa19b6d1904bc.mp4 5174fa67-b8fb-45bc-8182-d618d4570c71/portfolio/1787615334127_065bd633335ddbbe.mp4 5174fa67-b8fb-45bc-8182-d618d4570c71/portfolio/1788980573930_0f27bcb9fdf77a59.mov
24	Kaylie Geschke	US			139ff626-215e-4df5-9ae6-e58f978f6d6b/portfolio/1789763562359_8c29c3362fccebba.mov 139ff626-215e-4df5-9ae6-e58f978f6d6b/portfolio/1789763570269_33d800107d4a3564.mov 139ff626-215e-4df5-9ae6-e58f978f6d6b/portfolio/1789763581032_5394543c2d72f005.mov
25	Jimmy Ralph	US			9911885f-e03a-44e3-8c98-5c09b4e6e741/portfolio/1790169769404_5f9be9d2725d3e6c.mov
