F2	m1323132229702622	Koriderm	https://cdn.tryatria.com/adfiles/m1323132229702622_mxNTuFGSL-M.mp4	1323132229702622	17	1/523	2026-09-05	active	Buy 1 Get 1 Free Today Only!
F11	m1734799224542317	Tushbaby	https://cdn.tryatria.com/adfiles/m1734799224542317_uSb-ZrkqjEQ.mp4	1734799224542317	119	1/19	2026-05-26	active	See Why Voted #1
F12	m1111702518183952	Cosmetic Times	https://cdn.tryatria.com/adfiles/m1111702518183952_zFgQ-oFsLs0.mp4	1111702518183952	34	1/473	2026-08-19	active	The viral skin-tone adapting foundation
F13	m4641176992871752	IM8 Health	https://cdn.tryatria.com/adfiles/m4641176992871752_A2Pb5vOO7q0.mp4	4641176992871752	25	1/2518	2026-08-28	active	Your Body's Been Keeping Score.
F14	m1067875769161186	HIKE Footwear	https://cdn.tryatria.com/adfiles/m1067875769161186_YCny0Iv840A.mp4	1067875769161186	50	1/1242	2026-08-03	active	Barefoot shoes for better health 🥰
F15	m990972236756454	Histrips	https://cdn.tryatria.com/adfiles/m990972236756454_BOpO3-06dxM.mp4	990972236756454	125	1/900	2026-05-20	active	Built For Heavy Sleepers. By Heavy Sleepers.
F16	m1523240419494913	Rise Science	https://cdn.tryatria.com/adfiles/m1523240419494913_fOBvaS6FhWs.mp4	1523240419494913	144	1/1600	2026-04-30	active	How Much Do You Owe?
F17	m1583316106509551	Spotminders	https://cdn.tryatria.com/adfiles/m1583316106509551_A6NzYAvevdU.mp4	1583316106509551	48	1/1900	2026-08-04	active	BUY 2 GET 1 FREE!
F18	m1379300287455030	designby_brooke with Day Seven	https://cdn.tryatria.com/adfiles/m1379300287455030_UHT89xwWClU.mp4	1379300287455030	62	2/454	2026-07-22	active	The most beautiful kitchen swap
F19	m2371592046685013	KiddoSpace-UK	https://cdn.tryatria.com/adfiles/m2371592046685013__6_G0nT2EkA.mp4	2371592046685013	159	2/11	2026-04-16	active	Stop Losing Items at Daycare
F23	m2343845083136382	Bare Bones	https://cdn.tryatria.com/adfiles/m2343845083136382_k0SufBWZSuQ.mp4	2343845083136382	1	2/9	2026-09-21	active	Instant bone broth
F30	m2686267358494922	Lullahug	https://cdn.tryatria.com/adfiles/m2686267358494922_eVay-sShz_0.mp4	2686267358494922	31	2/83	2026-08-22	active	BUY 1 GET 1 FREE TODAY
F31	m1785219825945256	Nivaro	https://cdn.tryatria.com/adfiles/m1785219825945256_BhkWJ9PGHZU.mp4	1785219825945256	56	2/176	2026-07-28	active	The Carrier Made for Grandparents
F35	m1061864576052619	HIKE Footwear	https://cdn.tryatria.com/adfiles/m1061864576052619_9RPgc3alT_A.mp4	1061864576052619	275	2/940	2025-12-20	active	Best Pain Relief Shoe 2025!
F37	m2520514225119582	nicknijhof with Hears	https://cdn.tryatria.com/adfiles/m2520514225119582_SQA8WQ5Smeg.mp4	2520514225119582	77	2/500	2026-07-06	active	Get your sleep back.
F41	m1789545365541564	EllaOla	https://cdn.tryatria.com/adfiles/m1789545365541564_qvbsUJ4eZnk.mp4	1789545365541564	75	1/610	2026-07-09	active	Back To School Sale: 30% Off
F42	m1392671029697172	Ergobaby	https://cdn.tryatria.com/adfiles/m1392671029697172_GDGIgFH6U8s.mp4	1392671029697172	19	3/229	2026-09-03	active	Use code TRAVEL15
F43	m3515514408621878	Solly Baby	https://cdn.tryatria.com/adfiles/m3515514408621878_8S4787lH84c.mp4	3515514408621878	82	3/330	2026-07-02	active	New! The Soft Carrier
F46	m1876094867130107	Sutera Home Goods	https://cdn.tryatria.com/adfiles/m1876094867130107_eM6i2_TC-0A.mp4	1876094867130107	26	3/13	2026-08-27	active	Stop Drying Off With A 'Bacteria Blanket' 🦠
F52	m2269745377135416	IM8 Health	https://cdn.tryatria.com/adfiles/m2269745377135416_TNB1tdyvXwY.mp4	2269745377135416	12	3/2594	2026-09-10	active	The Beckham Standard of Wellness : IM8
F54	m964805219826186	Wildride	https://cdn.tryatria.com/adfiles/m964805219826186_9CuXjNgbYlk.mp4	964805219826186	160	3/612	2026-04-15	active	Your Favorite Summer Parenting Hack🎒✨
F56	m1050917450666506	Histrips	https://cdn.tryatria.com/adfiles/m1050917450666506_Jk8lZeNtreQ.mp4	1050917450666506	49	3/1489	2026-08-04	active	Built For Heavy Sleepers. By Heavy Sleepers.
F67	m1104865952100766	Lullahug	https://cdn.tryatria.com/adfiles/m1104865952100766_lwqapvpA5cU.mp4	1104865952100766	31	3/83	2026-08-22	active	BUY 1 GET 1 FREE TODAY
F73	m1597287098781999	Ergobaby	https://cdn.tryatria.com/adfiles/m1597287098781999_kKnh7ECG74M.mp4	1597287098781999	36	3/161	2026-08-17	active	Use code TRAVEL15
F74	m1931164407544116	Solly Baby	https://cdn.tryatria.com/adfiles/m1931164407544116_Rv3_ott_-fo.mp4	1931164407544116	82	3/250	2026-07-02	active	The Women's Sleep Set
F77	m1729533244899087	Fit with Jess Rose McDowell with IM8 Health	https://cdn.tryatria.com/adfiles/m1729533244899087_F-wPh3uGEEI.mp4	1729533244899087	69	2/370	2026-07-15	active	
F78	m1681914176353013	Jairyvergara with IM8 Health	https://cdn.tryatria.com/adfiles/m1681914176353013_k82ngyuM0rE.mp4	1681914176353013	68	3/448	2026-07-15	active	
F81	m2003156510341002	Hears	https://cdn.tryatria.com/adfiles/m2003156510341002_G7Q3ykAf2eY.mp4	2003156510341002	8	3/94	2026-09-13	active	⭐️ Rated 4.9/5 by 560k+ customers. 100-Day Risk-Free Trial.
F84	m1045442734941509	EllaOla	https://cdn.tryatria.com/adfiles/m1045442734941509_IxR0p7t66Pc.mp4	1045442734941509	35	1/64	2026-08-15	active	96% Of Parents Noticed A Change
F88	m1707016540408792	fridamom	https://cdn.tryatria.com/adfiles/m1707016540408792_yoCRjGbdxHo.mp4	1707016540408792	5	1/26	2026-09-04	inactive	The Breast Milk Cooler
F89	m1284006586391776	Koriderm	https://cdn.tryatria.com/adfiles/m1284006586391776_KRarKhaeS8w.mp4	1284006586391776	141	1/553	2026-04-16	active	Buy 1 Get 1 Free Today Only!
F92	m1051892770557025	Bare Bones	https://cdn.tryatria.com/adfiles/m1051892770557025_qkznQkbx_Ls.mp4	1051892770557025	47	1/34	2026-08-04	active	Instant bone broth
F93	m1652394529187141	Cosmetic Times	https://cdn.tryatria.com/adfiles/m1652394529187141_XWtUh6S7viE.mp4	1652394529187141	71	1/408	2026-07-12	inactive	The foundation mistake aging women over 50 (from a makeup artist of 20 years)
F95	m1769186660956070	Root'd	https://cdn.tryatria.com/adfiles/m1769186660956070_G3_lDYtHGYI.mp4	1769186660956070	4	1/12	2026-08-28	inactive	All-in-1 Effortless Prenatal Care in 1 Simple Drink
T7	m1970634003604691	GroundingWell	https://cdn.tryatria.com/adfiles/m1970634003604691_oQmUtEdhENU.mp4	1970634003604691	12	1/737	2026-09-09	active	Get Grounded Today
T11	m2104751000183556	Cosmetic Times	https://cdn.tryatria.com/adfiles/m2104751000183556_L_LL4R9Hk2s.mp4	2104751000183556	10	18/473	2026-09-12	active	Collagen creams can't absorb. This serum can.
T13	m1405840737630863	Healthy You by Sebastian Cole	https://cdn.tryatria.com/adfiles/m1405840737630863_In27ego3YXw.mp4	1405840737630863	10		2026-09-10	active	Constipation Has A Hidden Cause
T16	m1640309007713700	Besque	https://cdn.tryatria.com/adfiles/m1640309007713700_2iMeXdtAVYU.mp4	1640309007713700	2	136/151	2026-09-18	active	15 Years, One Real Answer.
T18	m2194178147824492	Venom Scents	https://cdn.tryatria.com/adfiles/m2194178147824492_fo-VuanPMp0.mp4	2194178147824492	3	3/44	2026-09-11	active	✨Pheromone Perfume
T19	m1756873368549536	BioRoot Labs	https://cdn.tryatria.com/adfiles/m1756873368549536_v_Yj2pIMtjM.mp4	1756873368549536	13	4/784	2026-09-09	active	Clinically Dosed Turmeric with No Fillers
T22	m1098101849398690	Enerra Health	https://cdn.tryatria.com/adfiles/m1098101849398690_12Nkp7-hI2w.mp4	1098101849398690	11	1/30	2026-09-09	inactive	
T23	m1276743944550381	ABCmouse.com Early Learning Academy	https://cdn.tryatria.com/adfiles/m1276743944550381_wJTVioLVwpA.mp4	1276743944550381	0	40/92	2026-09-20	active	School Readiness Starts at Home
T25	m1816073839528441	Moonkie	https://cdn.tryatria.com/adfiles/m1816073839528441_fQMRuDlgLnk.mp4	1816073839528441	6	44/828	2026-09-16	active	Ready to Gift. Ready to Be Loved.
T28	m1845938003039961	Kiimento	https://cdn.tryatria.com/adfiles/m1845938003039961_Z7KoYb2lQXA.mp4	1845938003039961	0	63/145	2026-09-13	active	
T29	m1698039767934517	Coterie Baby	https://cdn.tryatria.com/adfiles/m1698039767934517_AxQA6qhZaNk.mp4	1698039767934517	0	171/209	2026-09-11	active	Get The Award-Winning Diaper
T30	m2013875399270474	Pampers	https://cdn.tryatria.com/adfiles/m2013875399270474_aF8RMYQXUwA.mp4	2013875399270474	0	197/288	2026-09-11	active	
T31	m4345329662445437	Thinkers Kids	https://cdn.tryatria.com/adfiles/m4345329662445437_oCcIdrzcL2o.mp4	4345329662445437	2	5/42	2026-09-11	active	When Speech Time Feels Hard
T32	m1558389325359703	Swaddelini	https://cdn.tryatria.com/adfiles/m1558389325359703_cJxwXaR8u1w.mp4	1558389325359703	6	3/16	2026-09-10	active	
T33	m2294076374750346	Mimi and Co	https://cdn.tryatria.com/adfiles/m2294076374750346_G3AonyOGOYc.mp4	2294076374750346	11	45/58	2026-09-10	active	Fabric engineered to absorb
T34	m915761777903554	Baby Forest	https://cdn.tryatria.com/adfiles/m915761777903554_VSb88C6OpK4.mp4	915761777903554	1	150/244	2026-09-10	inactive	Non Sticky Lotion
T38	m27991213037174173	Tubby Todd Bath Co.	https://cdn.tryatria.com/adfiles/m27991213037174173_zinBSrbt1WY.mp4	27991213037174173	12	8/82	2026-09-09	active	Sensitive Baby Skin? Try this 👀
T39	m929212946478862	Mature and Chic	https://cdn.tryatria.com/adfiles/m929212946478862_UjlRY_3UHsk.mp4	929212946478862	5	1/15	2026-09-17	active	Doc said “it’s just menopause.” She was WRONG.
T41	m2521516621709322	Bounce Hair	https://cdn.tryatria.com/adfiles/m2521516621709322_HIuwroctiZI.mp4	2521516621709322	4	1/16	2026-09-18	active	Get Waves That Air-Dry Defined!
T44	m2890520484638581	PWR Posture	https://cdn.tryatria.com/adfiles/m2890520484638581_uoEjt4qsqF8.mp4	2890520484638581	11	1/1	2026-09-11	active	+28,000 Sold (4.9/5 Reviews)
T51	m2315226412577392	Spark Little Minds	https://cdn.tryatria.com/adfiles/m2315226412577392_qbEjmP18E58.mp4	2315226412577392	7	1/18	2026-09-15	active	Spark Little Minds
T55	m1542310724600017	Georgia Louise with Revive Collagen	https://cdn.tryatria.com/adfiles/m1542310724600017_zjO2amRxXPY.mp4	1542310724600017	7	1/73	2026-09-15	active	On Month 4, Officially Obsessed
T56	m2097562631146668	Rebound Recovery	https://cdn.tryatria.com/adfiles/m2097562631146668_CgyAhHGDnL8.mp4	2097562631146668	3	1/11	2026-09-19	active	Cocktails Today. Plans Tomorrow.
T57	m2252563102190938	JLR London	https://cdn.tryatria.com/adfiles/m2252563102190938_Ke2AnpbQl8o.mp4	2252563102190938	10	1/8	2026-09-12	active	Fits a 13" Laptop | £90 🖤
