64006	8362	20251028	Annie Voyles Paventy	https://www.instagram.com/reel/DQW8jAigDrp/	The best invention ever I wish I designed this myself!!! And it just restocked! Comment SH 
2	0	20250911	Motherly	https://www.instagram.com/reel/DOczAO1kZ1g/	👪 Looking for the best baby carrier @motherlyofficial https://motherlystore.com #reels #mo 
195	15	20260402	Ergobaby Baby Carriers and Newborn Gear	https://www.instagram.com/reel/DWo7lg7S_-L/	No one tells you how to do this part… Here’s one of our favorite ways to get baby out of t 
34662	557	20251128	Toke Makinwa	https://www.instagram.com/reel/DRmu-94jXhI/	Mama Yaya has a solo episode out for you guys on @tokemoments  A very honest review of my  
182	16	20250925	ali grant	https://www.instagram.com/reel/DPChRTzkkwH/	A few of my fav must-haves for newborn phase. Could probably add 456 more things but tryin 








264	28	20260414	Hoàng-Kim Cung	https://www.instagram.com/reel/DXIRkuTk5y6/	Most used newborn items as a second-time Mom who keeps things minimal ❤️ What are some of  










207187	697	20250522	Keisha Franklin	https://www.instagram.com/reel/DJ9-9Sjz1C-/	Mom hack for putting on sunscreen on your baby of toddler! Easy way to get them to enjoy p 
189294	747	20260805	Nataliia Kalganova	https://www.instagram.com/reel/DbqQ0pkN6uj/	Useful mom hacks and tips I wish I knew before 🌸 #momhacks #momtips #teething #teethingbab 
5325	86	20260711	Bright Side	https://www.instagram.com/reel/DapsEcmkV7_/	Helpful hacks for newborns and their parents👶❤️ #newborn #parenting 
5	0	20251119	Claire Ashley | Women Over 30 | Mom Hacks | Save Time	https://www.instagram.com/reel/DRP2iyngZZG/	SHARE!🚨have you tried a mothers helper? I love it because my nieces or a friend’s older ch 
53646	251	20260516	Karina Alyza	https://www.instagram.com/reel/DYZrSm8OWUY/	Mom travel hack for baby or toddler 😊  Makes it so much easier to just grab and go.✨  Comm 
47	0	20260823	BLW Meals - Start Solids App	https://www.instagram.com/reel/DcYjmeDxxmD/	Mom to mom, this is the advice I wish I had with my firstborn. I would have probably been  
875903	622	20260610	Yana Kuzmich	https://www.instagram.com/reel/DZavUA2gr9n/	Mom hacks always help 🥹 #momhack #toddlers #useful 
6	0	20260827	Emily Wilson	https://www.instagram.com/reel/Dcj3Y2XviGw/	As a mom, this is one of my MOST important newborn baby hacks!   #motherhood #explore 
13508	69	20260323	Nataliia Kalganova	https://www.instagram.com/reel/DWO6CgpDbqh/	Mom hacks for all ages, potty toddler #momhacks #parenting #pottytraining #toddlermom #usa 
368082	166	20251121	Iryna Yauseyeva	https://www.instagram.com/reel/DRUoM0djktC/	Mom Hacks and Teething baby hacks for all ages 🥹💞 #momhacks #teethingbaby #momtips #firstt 
192563	1368	20250623	Lisa Flom	https://www.instagram.com/reel/DLPhaKrM0Dc/	This will save you so many headaches #toddler #momhack #hack #water #bottle #roadtrip #sum 
210	6	20250605	Lena Boston	https://www.instagram.com/reel/DKhWRcVs8Zg/	Baby safety mom hacks #MomsofTikTok #safety #babysafety #momhack #babies #fyp #tips #DIY # 
303	18	20260324	Soso Ahmed	https://www.instagram.com/reel/DWRVisupfbw/	Mom hack: If the baby naps, you don’t nap. You do a Dyson blowout in 25 minutes and feel a 
93801	1121	20250819	Yuri Lamasbella Godinez	https://www.instagram.com/reel/DNjEp4FOeRF/	28 weeks postpartum thoughts 💭   #Postpartum #relatable #pov #realitytv #momlife 
713	84	20251119	Moms of Tampa	https://www.instagram.com/reel/DRQMhHRkcg-/	Postpartum the second time around has certainly had me wayyyy more emotional than I’ve eve 
3	1	20250423	Where’s your head at podcast	https://www.instagram.com/reel/DIxb_tZTfiZ/	Anna opens up about being mum shamed while being pregnant 🤰 💕 
2426	47	20260502	Emily  Stomatuk	https://www.instagram.com/reel/DX2G3XgSOO4/	Mornings as a first time mom 🤍  #couple #morningroutine #newborn #postpartum #newmom 
10721	120	20250714	janelle andrews	https://www.instagram.com/reel/DMFtZKDMFXX/	our multitasking skills are impeccable   #momhumor #postpartum 
12956	32	20250510	Morgan Kunzie	https://www.instagram.com/reel/DJexyC-N2oX/	🩵 #newborn #sahm #motherhood #postpartum #postpartumjourney 
31	3	20250513	Lauren Hutchins | Makeup • Lashes • Skincare	https://www.instagram.com/reel/DJmGLevN1wt/	New series ? - postpartum moms come through. Tell me I’m not the only one who literally ju 
