num	source	brand_or_creator	link	hook	baby_in_shot	who_on_camera	baby_age	format	sale_led	fits_no_baby_creators
01	atria	Tushbaby	https://drive.google.com/file/d/1iZG93Nql4WWWZtGJbN0y-IFl8qLyWE7B/view	POV: this one thing finally made leaving the house with a baby easier (car selfie holding the carrier and bag)	yes	mom	toddler	POV text	no	yes
02	atria	Solly Baby	https://drive.google.com/file/d/1BoJIaqGbvsSO1LP2aO_fZkgFc4zQtr87/view	Silent close up of mom cuddling her baby in the soft carrier	yes	mom	infant	other	no	no
03	atria	Ergobaby	https://drive.google.com/file/d/1DT-GkFShy__-NMydx2kUz9jbTW7yhQBX/view	If there's one thing we use more than anything: family travel with the carrier, code TRAVEL15	yes	mom+dad	infant	routine/day in the life	yes	no
04	atria	Ergobaby	https://drive.google.com/file/d/1eVMHe4XmeANf_AfdXP7iFvrAyuzmeVL9/view	The stroller that has everything and is perfect for travel, code TRAVEL15	yes	dad+mom	toddler	montage	yes	no
05	atria	Nivaro	https://drive.google.com/file/d/1r5umuprmiu1hlHyGH8kajNEn87u8Ytru/view	Every grandma knows this: the moment a squirming baby nearly slips out of your arms	yes	grandparent	infant	montage	yes	no
06	atria	Lullahug	https://drive.google.com/file/d/1DQy3YLyxrILIIs1xuBnUJ9O_MkIszYX2/view	Grandparents everywhere are falling in love with this simple carrier	yes	grandparent	infant	montage	no	no
07	atria	Lullahug	https://drive.google.com/file/d/1WzkR4lRgnTFLC5saTgJR1ISpFj2O6lyH/view	Why does the baby carrier your daughter uses have eight buckles? Grandma compares carriers	yes	grandparent+mom	infant	comparison	yes	no
08	atria	Wildride	https://drive.google.com/file/d/1X7eErrXROr0bwCdIcbQysAkgWUa0HUzN/view	When little legs get tired: mom swings her toddler onto her hip on the beach	yes	mom	toddler	montage	no	no
09	atria	KiddoSpace	https://drive.google.com/file/d/1cj4qQh2ahx4CTYs8u8UzDFKkmZCEVNLm/view	How do I stop my child's belongings getting mixed up at daycare? Name stamp demo	no	mom	none	other	no	yes
10	atria	Solly Baby	https://drive.google.com/file/d/1a8N-flLEvIGPKa5iUMopn-hNIvu9gK4r/view	Mom tries on the women's sleep set, then a slow morning at home with her kids	yes	mom	infant	routine/day in the life	no	yes
11	atria	fridamom	https://drive.google.com/file/d/1-_7yqxlHtB_WEqjzLs0uV44QJNl04iYX/view	Breast milk cooler hands only demo with text overlays	no	none	none	other	no	yes
12	atria	Rootd	https://drive.google.com/file/d/1pw7aDgwFqb3Pvgbm7B0u3ECgcJDc2L_e/view	Reply to comment: anyone else struggling with pregnancy constipation?	no	mom	none	comment reply	no	yes
13	atria	EllaOla	https://drive.google.com/file/d/1jgEcYTOGOuQsXTL7Y-F647qoOVz4vegm/view	Reply to comment: I love EllaOla but it's so expensive, can you lower the price?	no	mom	none	comment reply	no	yes
14	atria	EllaOla	https://drive.google.com/file/d/1y7MF7GaUnmgeQi-ipqE7VLL2_k0_FVRl/view	Car selfie: biggest sale of the year, back to school 30% off	no	mom	none	talking head	yes	yes
15	atria	Coterie	https://drive.google.com/file/d/1PNEoaleacJpuQKMj2X4hZp8LAkBOhKTk/view	Constant leaks plus diaper rash means it's time to switch (unboxing, newborn at the end)	yes	mom	newborn	review/tester	no	yes
16	atria	Pampers	https://drive.google.com/file/d/1HnNvhEk15vNdl590Plu0MNxJl4zwBlu4/view	Toddler boys for absolutely no reason: dad and toddler at home	yes	dad	toddler	routine/day in the life	no	no
17	atria	Swaddelini	https://drive.google.com/file/d/1t0LsnXMGmWWBnfYvv5LvcmizMXhI6ciP/view	POV: you brought your own swaddle to the hospital but the nurse forgot to use it	yes	mom	newborn	POV text	no	yes
18	atria	Kiimento	https://drive.google.com/file/d/1Zblf790dsnhyF0AVfSMJxGVvA25ZUSFh/view	She's obsessed with taking photos and keeps stealing my phone, so we fixed both problems	yes	mom	toddler	talking head	no	no
19	atria	Moonkie	https://drive.google.com/file/d/1p_H7TR2rNnDq5o6Dd-FiqhpfE6adPs2q/view	So I got a package from Moonkie: unboxing a baby gift set	no	mom	none	review/tester	no	yes
20	atria	ABCmouse	https://drive.google.com/file/d/1G0kVlCqcAOH3m3G5RTISzUC7ml4_m5uY/view	Mandy Moore: every mom I know has thought "am I doing enough" (kids learning app)	no	mom	none	talking head	no	yes
21	atria	Mimi and Co	https://drive.google.com/file/d/17cjGj3847vIebJ76mR3f1Yx455fDjc8b/view	We didn't pick this fabric, we engineered it (founder at a desk)	no	expert/professional	none	talking head	no	yes
22	atria	Baby Forest	https://drive.google.com/file/d/16r0W-Fhw_bUt9vE-smw1rqpyujuk7BIa/view	Parent pats baby dry and massages in the non sticky lotion	yes	dad+mom	toddler	routine/day in the life	no	no
23	atria	Tubby Todd	https://drive.google.com/file/d/1s0QBE7AUggVFdbITKIb9jH-XKLC3FpMf/view	What I use when eczema flares up: bath and lotion routine	yes	mom	infant	routine/day in the life	no	no
24	atria	Enerra Health	https://drive.google.com/file/d/1_kpsFGSPNrj9s3OlSRqa3VOO2Zy27_3g/view	This is my husband: roadside selfie story, husband standing behind her	no	grandparent+expert/professional	none	talking head	no	yes
25	atria	Healthy You	https://drive.google.com/file/d/1J3tz06JpSWS8dmoJvT9I7stAk-2llJqc/view	Surgeons reveal 5 signs of a hidden cause of constipation	no	expert/professional	none	list/must-haves	no	yes
26	atria	Bare Bones	https://drive.google.com/file/d/1EcL3mz_C-wXukNNFuhoYirviS6fab4X-/view	It's officially soup season: Sunday soup prep with bone broth, buy 2 save 20%	no	mom	none	routine/day in the life	yes	yes
27	atria	Bare Bones	https://drive.google.com/file/d/1uhC43KKWnJYep98KlMyhw_nqyw_ZVjWm/view	Your body doesn't need extremes, just consistency (sipping with a bold text claim)	no	mom	none	POV text	no	yes
28	atria	Day Seven	https://drive.google.com/file/d/15L0XxNRnO1-AivkapDxLOvQzITV15cwl/view	POV: your bread bag is now part of your kitchen aesthetic	no	mom	none	POV text	no	yes
29	atria	Sutera	https://drive.google.com/file/d/1xHA6CaR8uo_hKyNTvXDylDzG56Hk1X0J/view	Stop drying off with a bacteria blanket	no	mom	none	talking head	no	yes
30	atria	Koriderm	https://drive.google.com/file/d/1ULZvqPcFjXNr6md96Qvz1ZU2pJpWChh0/view	The woman in this photo: ID counter skit, "I am 61", ends on a buy one get one card	no	mom	none	skit	yes	yes
31	atria	Koriderm	https://drive.google.com/file/d/1gWbSmOCGfgaHwHrDhe_Qf0KW23OqyQh7/view	I ran into my ex's new wife at Target (car storytime)	no	mom	none	talking head	no	yes
32	atria	Cosmetic Times (Smooche)	https://drive.google.com/file/d/1HaZ53AgyiCPEoVpWQCFwZC3eM7nrNeYZ/view	"I am sixty-one": ID counter skit where the clerk won't accept her photo	no	mom	none	skit	no	yes
33	atria	Cosmetic Times (Smooche)	https://drive.google.com/file/d/14WXuokMpdzvp9-JeRxcXq4R3cl6YYcxF/view	Who else IMMEDIATELY ordered a boatload after checking today's price?!	no	mom	none	POV text	yes	yes
34	atria	Cosmetic Times (Smooche)	https://drive.google.com/file/d/1Mgm4bnIwS1VHDazNO9jHj6LDbxeR87jZ/view	Makeup artist on a podcast rates foundations out of 10	no	expert/professional	none	rating out of 10	no	yes
35	atria	Besque	https://drive.google.com/file/d/1B8jfK_q1CuNjz3MvV3c15D5xXL_m8Ujh/view	15 years as a dermatologist: retro TV host style pitch	no	expert/professional	none	talking head	no	yes
36	atria	Revive Collagen	https://drive.google.com/file/d/11dE2zdJrUdKAlRfdni69lH7DWYveYyp1/view	On month 4, officially obsessed (selfie testimonial)	no	mom	none	talking head	no	yes
37	atria	Mature and Chic	https://drive.google.com/file/d/1ohxTPPVD3sII-mkWJ9BxdnD7aJSgzNiu/view	Doc said it's just menopause: stylist shows a client's thinning hair	no	expert/professional	none	talking head	no	yes
38	atria	Bounce Hair	https://drive.google.com/file/d/1f4vu3pUeAqFqhRUtw11KdEoEQcRK7VDM/view	Ever notice your waves only look good...? Curly hair routine review	no	mom	none	review/tester	no	yes
39	atria	IM8	https://drive.google.com/file/d/15Qg4TTetH3dDrJVJ-HvF5ZZBxugKUK_8/view	If a man who drinks alcohol regularly took IM8 every morning for 3 weeks	no	dad	none	POV text	no	yes
40	atria	IM8	https://drive.google.com/file/d/1BlFTQeJOwRmpb1JSAxwnOV7-ZJZSW8RB/view	David Beckham mixes his morning IM8 drink	no	dad	none	talking head	no	yes
41	atria	IM8	https://drive.google.com/file/d/1rDjkD6Ev-mDHNjGl6U-ZwcG16JrRup38/view	Taking IM8 for two weeks, day 5 (kitchen talking head)	no	mom	none	review/tester	no	yes
42	atria	IM8	https://drive.google.com/file/d/1TSxNFSsEuWYu9_bJF6nXYbBVBg9kFwRU/view	Creator walks into her hotel room and sips her IM8	no	mom	none	routine/day in the life	no	yes
43	atria	HIKE	https://drive.google.com/file/d/1i7WDp0iiAgr-EG80hxzaHk9IFfF8bnV6/view	I once followed two women, both 74: split screen story	no	expert/professional+grandparent	none	comparison	no	yes
44	atria	HIKE	https://drive.google.com/file/d/1GTNarckVVlJG7ioQ3MFjWFHpKVXnbWju/view	If you've been waiting for HF Cloud to go on sale: up to 70% off	no	mom	none	review/tester	yes	yes
45	atria	Histrips	https://drive.google.com/file/d/1w6xatNYiuKUrLhVuJfYz2DPbnrlS5dYN/view	You know that one guy waking up at 5am every day? Yeah, this is how	no	dad	none	POV text	no	yes
46	atria	Histrips	https://drive.google.com/file/d/1FQExlz0ie1xCrGreXyZM1cZyjCAa9_Du/view	This thing is guaranteed to wake you up (outdoor selfie)	no	dad	none	talking head	no	yes
47	atria	Rise Science	https://drive.google.com/file/d/1P1gdZ_jd7aF41lIzq1F20AJagMM97DSE/view	"I bet she sleeps until 8:30am" (overheard at the gym)	no	mom	none	POV text	no	yes
48	atria	Spotminders	https://drive.google.com/file/d/1zYswnOER01a56-qYX0u-06HCbwjyx7B7/view	Podcast guest rates wallet trackers out of 10	no	grandparent	none	rating out of 10	no	yes
49	atria	Hears	https://drive.google.com/file/d/17AGzDD1AaFWMEYvG4atPGa1EFfUMrKkF/view	We didn't know about actual sleep earplugs: several creators try them	no	dad+mom	none	montage	no	yes
50	atria	Hears	https://drive.google.com/file/d/185wUyG7gbRnsb-UZq33N5yyl1yvk3X7h/view	After testing, look at them: earplug honest review	no	mom	none	review/tester	no	yes
51	atria	GroundingWell	https://drive.google.com/file/d/1XD9yBdjTUZ8HzI99UhC9hWiGQBDlu2ZZ/view	Guest called the hotel asking what mattress we use (phone call POV)	no	none	none	skit	no	yes
52	atria	Venom Scents	https://drive.google.com/file/d/1CsdNebIhCd3jDm76zjIm5m67fS0QznTZ/view	This girl just walked past me and she smells amazing: guy asks what she's wearing	no	dad+mom	none	skit	no	yes
53	atria	BioRoot Labs	https://drive.google.com/file/d/1dOcN4Mx4553siUSAYhsuLfbsWmlJu-Mo/view	I could barely make a fist (turmeric before and after story)	no	mom	none	talking head	no	yes
54	atria	PWR Posture	https://drive.google.com/file/d/1uiKGKwT738P-9FgP5ewn_lpOx13bjefP/view	This posture brace is 50% off today only (try on)	no	mom	none	review/tester	yes	yes
55	atria	Spark Little Minds	https://drive.google.com/file/d/1SGjWTcFIMAs-di2z95f1jlvrQtntJRFV/view	Grandpa to camera: "once your child..." pitch for a kids' science book	no	grandparent	none	talking head	no	yes
56	atria	JLR London	https://drive.google.com/file/d/1l3zWHUMnQLjqRBqtICpvcKsBMnOwlLyX/view	Your work bag doesn't have to look like one	no	mom	none	POV text	no	yes
yt01	youtube	Chrissy Horton	https://www.youtube.com/shorts/--RdzEj3r-M	When you have 7 babies in 10 years: saying goodbye to the L&D nurses for the 7th time	yes	mom	newborn	POV text	no	yes
yt02	youtube	Chrissy Horton	https://www.youtube.com/shorts/e9T1BBuQABw	A valid postpartum crashout (car selfie about her first hair color in 8 years)	no	mom	none	talking head	no	yes
yt03	youtube	Chrissy Horton	https://www.youtube.com/shorts/P-DNiWGECfk	There's girl math, then there's sleep deprived postpartum math	no	mom	none	talking head	no	yes
yt04	youtube	Daily Original Vids	https://www.youtube.com/shorts/JRNjIGlOgo8	How to tie a baby wrap front ways: "I wish someone had taught me this"	unclear	mom	unclear	other	no	no
yt05	youtube	Daily Original Vids	https://www.youtube.com/shorts/UA5zbyYbWi4	How to tie a baby wrap, step by step: "I wish someone had taught me this"	unclear	mom	unclear	other	no	no
yt06	youtube	The Woods World	https://www.youtube.com/shorts/WekOmwLcrqI	With a clingy baby and all: mowing the lawn with baby on her	yes	mom	infant	routine/day in the life	no	no
yt07	youtube	Krystianatiana	https://www.youtube.com/shorts/i39uZ337fXQ	Spend the morning with us: mornings with 4 kids while pregnant	yes	pregnant	toddler	routine/day in the life	no	yes
yt08	youtube	Sunkissed Mama	https://www.youtube.com/shorts/zD6ZfU5WMZo	Realistic fall afternoon routine as a mom of 3 (Chomps paid partner)	no	mom	none	routine/day in the life	no	yes
yt09	youtube	Liv J Owen	https://www.youtube.com/shorts/B48niKIfuEQ	After school routine with a mom of eight	yes	mom	toddler	routine/day in the life	no	yes
yt10	youtube	Liv J Owen	https://www.youtube.com/shorts/Mfd-rDxbJCs	Toddler morning routine: 1 year of daily checklists	yes	kids only	toddler	routine/day in the life	no	no
yt11	youtube	Kayla Gresh	https://www.youtube.com/shorts/J0N74ar0VsU	School morning in my life as a mom of 3 (calm aesthetic ASMR)	yes	mom	toddler	routine/day in the life	no	yes
yt12	youtube	Bontle Shata	https://www.youtube.com/shorts/GHT-oJTxcDQ	A day in the life of a single mom of 3	no	mom	none	routine/day in the life	no	yes
yt13	youtube	Real Twins Two Twins	https://www.youtube.com/shorts/fuyQSBkudco	Back to our school morning routine: pregnant mom of 6	no	pregnant	none	routine/day in the life	no	yes
yt14	youtube	Sonal Kour	https://www.youtube.com/shorts/ZrByUoiOecQ	Newborn must haves that are worth every penny (0 to 3 months)	yes	mom	newborn	list/must-haves	no	yes
yt15	youtube	C's Tutorialz	https://www.youtube.com/shorts/SYLIGZpcAbU	My top 5 newborn must haves as a first time mom	yes	mom	newborn	list/must-haves	no	yes
yt16	youtube	Mother Hope For	https://www.youtube.com/shorts/kqqFJ38WmEw	Try on haul worth watching, honest reviews (lingerie)	no	mom	none	review/tester	no	yes
yt17	youtube	Glamour	https://www.youtube.com/shorts/xwoi_Jsx2zc	This is your postpartum in 2 minutes (Glamour explainer)	yes	mom	newborn	montage	no	yes
yt18	youtube	WhatsUpMoms	https://www.youtube.com/shorts/E_9E6pl_l6c	Mom hacks, dad edition: 10 quick dad hacks	yes	dad	toddler	montage	no	no
ts01	tiktokshop	maycineeley	https://www.tiktok.com/@maycineeley/video/7532658155063446839	The first 24 hours postpartum: hospital vlog with her partner	yes	mom+dad	newborn	routine/day in the life	no	yes
ts02	tiktokshop	kaylamaemartin	https://www.tiktok.com/@kaylamaemartin/video/7418703494841912619	And it's on sale! Get one mama, you deserve it (putting on the carrier with baby)	yes	mom	infant	review/tester	yes	no
ts03	tiktokshop	perfectlykelsey	https://www.tiktok.com/@growingwithkelsey/video/7503991246453558570	Worth every penny: stretchy wrap with a newborn	yes	mom	newborn	review/tester	no	no
ts04	tiktokshop	jessicamomlifee	https://www.tiktok.com/@jessicamomlifee/video/7580945644601249038	Top baby must haves as a soon to be second time mom	no	pregnant	none	list/must-haves	no	yes
ts05	tiktokshop	perfectlykelsey	https://www.tiktok.com/@growingwithkelsey/video/7518488245764705591	My favorite two baby carriers: must haves to go shopping with 2 under 2	yes	mom	newborn	list/must-haves	no	no
ts06	tiktokshop	hst715011	https://www.tiktok.com/@hst715011/video/7673828670611492127	I used to kill my arms carrying my baby every day, then I started using a carrier	yes	mom	infant	review/tester	no	no
ts07	tiktokshop	tessmadalyn	https://www.tiktok.com/@tessmadalyn/video/7429425082579062022	For my fellow moms: long talk to camera, holds up her carrier	yes	mom	infant	talking head	no	yes
ts08	tiktokshop	mariamanna_	https://www.tiktok.com/@mariamanna_/video/7448064544393645358	The best baby carrier! Now I can get things done around the house hands free	yes	mom	infant	review/tester	no	no
ts09	tiktokshop	caroldemauro	https://www.tiktok.com/@caroldemauro/video/7499499111088016682	My baby nonnegotiables as a second time mom (0 to 3 months)	yes	mom	infant	list/must-haves	no	no
ts10	tiktokshop	jessicamomlifee	https://www.tiktok.com/@jessicamomlifee/video/7625085612336401677	Postpartum essentials as a soon to be second time mom (hands only)	no	pregnant	none	list/must-haves	no	yes
tt01	tiktok	wearmybaby	https://www.tiktok.com/@wearmybaby/video/7417825408072174881	100% honest expert review of the Momcosy carrier: claims to suit 0 to 2 yrs, it doesn't	yes	expert/professional	newborn	review/tester	no	no
tt02	tiktok	leah_ryder	https://www.tiktok.com/@leah_ryder/video/7514028860812594478	10000% worth the splurge: new mom must have, plus size friendly carrier	yes	mom	newborn	review/tester	no	no
tt03	tiktok	mrsmeganjane	https://www.tiktok.com/@mrsmeganjane/video/7332212339548097823	My honest review and first time trying on the Wildbird carrier	yes	mom	newborn	review/tester	no	no
tt04	tiktok	aprilnlynch	https://www.tiktok.com/@aprilnlynch/video/7210836073709260078	Reviewing popular baby carriers I've tried for my three babies	no	mom	none	review/tester	no	yes
tt05	tiktok	thebabygearconsultant	https://www.tiktok.com/@thebabygearconsultant/video/7471134294673591598	Reply to comment: my top baby carrier picks as a babywearing educator	no	expert/professional	none	comment reply	no	yes
tt06	tiktok	elizadromgoole	https://www.tiktok.com/@elizadromgoole/video/7596146619242925326	I made the postpartum survival kit I wish someone had given me (Target partner)	no	none	none	list/must-haves	no	yes
tt07	tiktok	renee.noe	https://www.tiktok.com/@renee.noe/video/7604214293084589342	5 postpartum gifts I'd recommend (thought of it while getting a massage)	no	mom	none	list/must-haves	no	yes
tt08	tiktok	thedaniaustin	https://www.tiktok.com/@thedaniaustin/video/7612072019567316255	Sneaking all the postpartum essentials before we're discharged from the hospital	yes	mom	newborn	POV text	no	yes
tt09	tiktok	sabrinaanoelle	https://www.tiktok.com/@sabrinaanoelle/video/7627224026322144542	Postpartum mom favorites that help me feel more like me	no	mom	none	list/must-haves	no	yes
tt10	tiktok	katiesantry	https://www.tiktok.com/@katiesantry/video/7570440009765883166	Baby registry must haves as a mom of 2 boys, 9 weeks postpartum	no	mom	none	list/must-haves	no	yes
tt11	tiktok	kelsparrish	https://www.tiktok.com/@kelsparrish/video/7612087742540909854	What's in my postpartum cart as a third time mom (third trimester)	no	pregnant	none	list/must-haves	no	yes
tt12	tiktok	lena.boston	https://www.tiktok.com/@lena.boston/video/7511082498428833070	Things I wish I knew as a first time mom: mom hacks, hands only	no	none	none	montage	no	yes
tt13	tiktok	jeffandlaurenshow	https://www.tiktok.com/@jeffandlaurenshow/video/7453525167965326638	The best mom hacks of 2024: "I always do this in airports!"	yes	mom	toddler	montage	no	no
tt14	tiktok	nataliia.sahm	https://www.tiktok.com/@nataliia.sahm/video/7607155193960041759	Things I wish I knew as a first time mom: mom hacks for all ages	yes	mom	toddler	montage	no	no
tt15	tiktok	nglwithkylie	https://www.tiktok.com/@nglwithkylie/video/7547390466346536205	A genius mom hack, told podcast style (ZipRecruiter sponsor)	no	mom	none	talking head	no	yes
tt16	tiktok	keisha_motherhood	https://www.tiktok.com/@keisha7788/video/7507671017377156398	Things I wish I knew as a first time mom: baby activities	yes	kids only	infant	montage	no	no
tt17	tiktok	bobbiblain	https://www.tiktok.com/@bobbiblain/video/7623434274930232607	How to get ready with a baby 101 (baby parked in a walker)	yes	kids only	infant	routine/day in the life	no	no
tt18	tiktok	tsagana24	https://www.tiktok.com/@tsagana24/video/7629392458471935245	Mom hacks that make life with little kids easier: "my hairdresser taught me this"	yes	mom	toddler	montage	no	no
tt19	tiktok	spaemelie	https://www.tiktok.com/@spaemelie/video/7490272340706643222	One of my super hacks when walk training a baby: a hula hoop	yes	mom	infant	other	no	no
tt20	tiktok	rebekahellking	https://www.tiktok.com/@rebekahellking/video/7590480715507158286	Best mom hack to track firsts and milestones: a wall calendar	no	none	none	other	no	yes
tt21	tiktok	coconutfam6	https://www.tiktok.com/@coconutfam6/video/7612629364336856350	Baby's first steps: will she do it? Parents trick baby into moving	yes	dad	infant	other	no	no
ig01	instagram	Annie Voyles Paventy	https://www.instagram.com/reel/DQW8jAigDrp/	The best invention ever: a coat that zips over baby, for babywearing moms	yes	mom	infant	review/tester	no	no
ig02	instagram	Motherly	https://www.instagram.com/reel/DOczAO1kZ1g/	Looking for the best baby carrier? Motherly carrier try on review	yes	mom	infant	review/tester	no	no
ig03	instagram	Ergobaby	https://www.instagram.com/reel/DWo7lg7S_-L/	No one tells you how to do this part: getting baby out of the carrier	yes	mom	infant	other	no	no
ig04	instagram	Toke Makinwa	https://www.instagram.com/reel/DRmu-94jXhI/	Honest podcast talk on becoming a mother, plus top 5 must haves	no	mom	none	talking head	no	yes
ig05	instagram	ali grant	https://www.instagram.com/reel/DPChRTzkkwH/	A few of my fav must haves for the newborn phase	no	mom	none	list/must-haves	no	yes
ig06	instagram	Hoàng-Kim Cung	https://www.instagram.com/reel/DXIRkuTk5y6/	Most used newborn items as a second time mom who keeps things minimal	unclear	mom	unclear	list/must-haves	no	yes
ig07	instagram	Keisha Franklin	https://www.instagram.com/reel/DJ9-9Sjz1C-/	If your baby or toddler won't let you put sunblock on, use a makeup brush	yes	mom	infant	other	no	no
ig08	instagram	Nataliia Kalganova	https://www.instagram.com/reel/DbqQ0pkN6uj/	Useful mom hacks and teething tips I wish I knew before (hands only)	no	none	none	montage	no	yes
ig09	instagram	Bright Side	https://www.instagram.com/reel/DapsEcmkV7_/	Helpful hacks for newborns and their parents	yes	dad+mom	newborn	montage	no	yes
ig10	instagram	Claire Ashley	https://www.instagram.com/reel/DRP2iyngZZG/	To the mom who said get a mother's helper: you're a genius	no	mom	none	POV text	no	yes
ig11	instagram	Karina Alyza	https://www.instagram.com/reel/DYZrSm8OWUY/	Mom travel hack: roll each outfit into a grab and go bundle	no	none	none	other	no	yes
ig12	instagram	BLW Meals	https://www.instagram.com/reel/DcYjmeDxxmD/	6 things I did with my third baby that would have sent first time mom me into cardiac arrest	no	mom	none	list/must-haves	no	yes
ig13	instagram	Yana Kuzmich	https://www.instagram.com/reel/DZavUA2gr9n/	Mom hacks always help (toddler hacks)	yes	mom	toddler	montage	no	no
ig14	instagram	Emily Wilson	https://www.instagram.com/reel/Dcj3Y2XviGw/	As a mom, this is one of my most important newborn baby hacks (talking to camera)	no	mom	none	talking head	no	yes
ig15	instagram	Nataliia Kalganova	https://www.instagram.com/reel/DWO6CgpDbqh/	Things I wish I knew as a first time mom: potty and toddler hacks (hands only)	no	none	none	montage	no	yes
ig16	instagram	Iryna Yauseyeva	https://www.instagram.com/reel/DRUoM0djktC/	Mom hacks and teething baby hacks for all ages (hands only)	no	none	none	montage	no	yes
ig17	instagram	Lisa Flom	https://www.instagram.com/reel/DLPhaKrM0Dc/	This will save you so many headaches: bottle nipple on a water bottle for road trips	yes	mom	toddler	other	no	no
ig18	instagram	Lena Boston	https://www.instagram.com/reel/DKhWRcVs8Zg/	Baby safety mom hacks I wish I knew as a first time mom	yes	mom	toddler	montage	no	no
ig19	instagram	Soso Ahmed	https://www.instagram.com/reel/DWRVisupfbw/	Mom hack: if the baby naps, you don't nap, you do a 25 minute Dyson blowout	no	mom	none	other	no	yes
ig20	instagram	Yuri Lamasbella Godinez	https://www.instagram.com/reel/DNjEp4FOeRF/	28 weeks postpartum thoughts: "Is that the baby?"	no	mom	none	POV text	no	yes
ig21	instagram	Moms of Tampa	https://www.instagram.com/reel/DRQMhHRkcg-/	Postpartum update: the second time around has been way more emotional	no	mom	none	talking head	no	yes
ig22	instagram	Where's your head at podcast	https://www.instagram.com/reel/DIxb_tZTfiZ/	Anna opens up about being mum shamed while pregnant	no	mom+dad	none	talking head	no	yes
ig23	instagram	Emily Stomatuk	https://www.instagram.com/reel/DX2G3XgSOO4/	Morning in the life of a first time mom to an 8 week old	yes	mom	newborn	routine/day in the life	no	yes
ig24	instagram	janelle andrews	https://www.instagram.com/reel/DMFtZKDMFXX/	When he says he can't because he's holding the baby (does her makeup with baby on hip)	yes	mom	infant	skit	no	no
ig25	instagram	Morgan Kunzie	https://www.instagram.com/reel/DJexyC-N2oX/	Morning in my life as a mom of a newborn and twins	yes	mom	newborn	routine/day in the life	no	yes
ig26	instagram	Lauren Hutchins	https://www.instagram.com/reel/DJmGLevN1wt/	Day 1 of trying to find my style again after 3 kids (postpartum outfits)	no	mom	none	other	no	yes
