8568	52	20240923	wearmybaby	https://www.tiktok.com/@wearmybaby/video/7417825408072174881	100% HONEST expert review of the Momcosy baby carrier. Yes, its very .
26100	707	20250609	leah_ryder	https://www.tiktok.com/@leah_ryder/video/7514028860812594478	10000% worth the splurge on this baby carrier. It is SO comfortable f.
148800	1941	20240205	mrsmeganjane	https://www.tiktok.com/@mrsmeganjane/video/7332212339548097823	My honest review and first time trying on the @Wildbird carrier. How .
99500	3739	20230315	aprilnlynch	https://www.tiktok.com/@aprilnlynch/video/7210836073709260078	Reviewing popular baby carriers ive tried for my three babies!! #baby.
86900	1542	20250214	thebabygearconsultant	https://www.tiktok.com/@thebabygearconsultant/video/7471134294673591598	Replying to @user3893794926949027 Here are my top Baby Carrier picks .
14500	315	20260117	elizadromgoole	https://www.tiktok.com/@elizadromgoole/video/7596146619242925326	#TargetPartner postpartum must haves🫧💕 @target fuel, movement & resto.
132600	9264	20260207	renee.noe	https://www.tiktok.com/@renee.noe/video/7604214293084589342	I thought of making this video while I was getting a massage so here .
469200	12800	20260301	thedaniaustin	https://www.tiktok.com/@thedaniaustin/video/7612072019567316255	We are paying for it anyways right?🤣 Might as well take it!🤪 #postpar.
3531	125	20260410	sabrinaanoelle	https://www.tiktok.com/@sabrinaanoelle/video/7627224026322144542	Still in the thick of all things babies but here’s some things that a.
476800	54100	20251108	katiesantry	https://www.tiktok.com/@katiesantry/video/7570440009765883166	What would you put on your baby registry time and time again?! #babyr.
71900	3872	20260301	kelsparrish	https://www.tiktok.com/@kelsparrish/video/7612087742540909854	Those ice packs are liiiiife 🤌🏼 What did I miss?! 👶🏼✨ 🔗 to everything.
24000000	963600	20250601	lena.boston	https://www.tiktok.com/@lena.boston/video/7511082498428833070	Mom hacks I wish I knew before 🥰😱  #MomsofTikTok #DIY #momhack #babie.
252600	6639	20241228	jeffandlaurenshow	https://www.tiktok.com/@jeffandlaurenshow/video/7453525167965326638	The Best Mom Hacks of 2024! 💁‍♀️ From travel tips, to snack tricks, t.
18800000	223500	20260215	nataliia.sahm	https://www.tiktok.com/@nataliia.sahm/video/7607155193960041759	Mom hacks and tips for all ages ❣️ #momhacks #firsttimemom #usareels .
2000000	263700	20250907	nglwithkylie	https://www.tiktok.com/@nglwithkylie/video/7547390466346536205	This is a genius mom hack by @Reelmomstuff! @ZipRecruiter #motherhood.
4200000	443200	20250523	keisha_motherhood	https://www.tiktok.com/@keisha7788/video/7507671017377156398	Things I wish I knew as a first time mom! Baby activities. #Momsoftik.
585	19	20260331	bobbiblain	https://www.tiktok.com/@bobbiblain/video/7623434274930232607	How to get ready with a baby 101 #babywalker #momtok #momhacks 
6500000	150800	20260416	tsagana24	https://www.tiktok.com/@tsagana24/video/7629392458471935245	Mom hacks that make my life with little kids easier #momlife #momhack.
4200000	230100	20250406	spaemelie	https://www.tiktok.com/@spaemelie/video/7490272340706643222	Mom hack #learnhowtowalk #babyhack #momhack #sverige 
1396	67	20260101	rebekahellking	https://www.tiktok.com/@rebekahellking/video/7590480715507158286	I keep it on my dining room table and mark down growth, milestones, t.
642	36	20260302	coconutfam6	https://www.tiktok.com/@coconutfam6/video/7612629364336856350	Parents Trick Baby Into Crawling! Viral Mom Hack! #FamilyChallenges #.
