3000000	258400	20250730	maycineeley	https://www.tiktok.com/@maycineeley/video/7532658155063446839	The first 24 hours postpartum💖  #momtok #postpartumjourney #postpartu...
2100000	36500	20240925	kaylamaemartin	https://www.tiktok.com/@kaylamaemartin/video/7418703494841912619	And it’s on sale! get one mama, YOU DESERVE IT! 🫶🏼 #momlife #baby #fy...
1400000	65800	20250513	perfectlykelsey	https://www.tiktok.com/@growingwithkelsey/video/7503991246453558570	Worth EVERY penny! 🫶🏼 #motherhood #babywrap #newborn #tiktokshop #tik...
1300000	84100	20251207	jessicamomlifee	https://www.tiktok.com/@jessicamomlifee/video/7580945644601249038	Top baby must haves as a soon to be second time mom ✨ So excited to s...
369400	23600	20250621	perfectlykelsey	https://www.tiktok.com/@growingwithkelsey/video/7518488245764705591	My favorite two baby carriers! #twoundertwo #babywearing #momlife #sh...
362100	2677	20260814	hst715011	https://www.tiktok.com/@hst715011/video/7673828670611492127	I used to kill my arms carrying my baby every day. Thankfully, I star...
282400	29600	20241024	tessmadalyn	https://www.tiktok.com/@tessmadalyn/video/7429425082579062022	for my fellow moms
130900	933	20241214	mariamanna_	https://www.tiktok.com/@mariamanna_/video/7448064544393645358	The best baby carrier! Now I can get things done around the house han...
70200	1328	20250501	caroldemauro	https://www.tiktok.com/@caroldemauro/video/7499499111088016682	My baby nonnegotiables as a second time mom! We’ve used these product...
66500	2005	20260405	jessicamomlifee	https://www.tiktok.com/@jessicamomlifee/video/7625085612336401677	Postpartum essentials as a soon to be second time mom ✨ #postpartum #...
