0	Emily Martines	US		@em.martines	c0fbc6d9-7a3d-49bd-bd41-cc016cf57c66/portfolio/1789598307154_a5b4393c095df556.mov c0fbc6d9-7a3d-49bd-bd41-cc016cf57c66/portfolio/1789598311610_b98539dfe6503846.mov
1	Kerstin Beier	AT
2	Breeann Smith	US	itsbree.smith	@bree.smith25	584a9bd6-4596-45dd-81b2-a9648b8e2489/portfolio/1789673345255_13ebff0cbc58e7e3.mov
3	Lauren Neuhaus	US	lthag	@laurenneuhaus424	466819aa-c626-421c-bcad-57406295d86c/portfolio/1788297234229_50ba763d18103f95.mov 466819aa-c626-421c-bcad-57406295d86c/portfolio/1789868101083_8a520c411f2509f9.mov
4	Norma Ramirez	US	yahslily	@yahslily	cd1f1d8d-401b-42f9-b3f7-d7fa00b9fa1b/portfolio/1789004301416_c63b28970849b876.mov cd1f1d8d-401b-42f9-b3f7-d7fa00b9fa1b/portfolio/1789781347905_5f91a46a8ff29869.mov
5	Cammy Lyons	US			43ed2700-5443-4ef6-8956-51906c512fc0/portfolio/1789185764390_2a433108d48000ba.mov
6	Abbi Purvis	US	mama.shoe2.0	@mama.shoe2.0
7	Mary Moulton	US			303bb33e-99b5-448f-9d27-e12bb272f960/portfolio/1789483672588_ec3cb97c4fb3ca24.mov 303bb33e-99b5-448f-9d27-e12bb272f960/portfolio/1789483751973_b489c825129f39d2.mov
8	Ashley Sanocki	US		@ashleycrocco	cb79a437-a8dd-47c3-a317-c020d9c4ecaa/portfolio/1789759419178_6fab3d00e3520a98.mov cb79a437-a8dd-47c3-a317-c020d9c4ecaa/portfolio/1789759462005_59b667132c5a1d91.mov
9	Bailey Schneider	US
10	Elise Lesuma	AU	authentically_elise		78a1e33d-4397-4f28-b9ec-6fe0a1ce6575/portfolio/1788065518995_8a266c899cb66fc8.mov 78a1e33d-4397-4f28-b9ec-6fe0a1ce6575/portfolio/1788602485790_d46c526dff90f905.mov
11	Zelaida almirall	US	growwith.zee	@growwithzee23	34ffbaf7-88ad-4bbd-9996-0357f809ece1/portfolio/1784845691454_44b8a914061931b6.mov 34ffbaf7-88ad-4bbd-9996-0357f809ece1/portfolio/1784845962930_b52a509c268762be.mov
12	Amy Haas	US	raceacrossthestates	@raceacrossthestates	ce9ff150-b099-4f9f-8363-772e9734425f/portfolio/1789640381492_e1d3a34d4c70e363.MOV ce9ff150-b099-4f9f-8363-772e9734425f/portfolio/1789640494374_b2e2b1545c88726b.MOV
13	Briann Hamric	US		@workinggirlmomma2	c5fca989-4503-40ca-89b3-e0f888651d20/portfolio/1789758987397_a83ffcd6f8d1d426.mov c5fca989-4503-40ca-89b3-e0f888651d20/portfolio/1789759005960_29083ec3a426a882.mov
14	Abigail Lucero	US	abigaillucero	@abigail.lucero.krak	5bb90e73-f83a-4952-ab89-489faf69529d/portfolio/1784896638691_5f2a68dd5565588a.mp4 5bb90e73-f83a-4952-ab89-489faf69529d/portfolio/1785412611342_cb958e53d0ed360d.mp4
15	Nicole Cook
16	Kayly Snyder	US	familyfinancesinmotion	@realfamilyfinances	6e64532b-d5cb-48f9-bda9-d4146ef2715f/portfolio/1789826859900_abc2d31c89fde34e.mp4 6e64532b-d5cb-48f9-bda9-d4146ef2715f/portfolio/1790099460368_909587752b13250b.mp4
17	Heaven Fenick	US	heaven.fenick	@heavenfenick	9cfd9158-467f-4dcd-bb2c-cbec8b4ea628/portfolio/1789800737304_13941cec25063f24.mov 9cfd9158-467f-4dcd-bb2c-cbec8b4ea628/portfolio/1789800843584_e29f389696f4227e.mov
18	Ani Samuel	US		@mrs.samuel01	51e5f2c0-598b-406f-9e97-4349f48cb91b/portfolio/1789658157165_50b5baaf616922b4.mov 51e5f2c0-598b-406f-9e97-4349f48cb91b/portfolio/1789825003941_54d77c822cd695a5.mov
19	Liane Davis	US	lianex_97	@thedavisfamilydiary
20	Hazel Vargas	US	zeyabv.official	@zeyabv	c104c84b-c9af-437f-8ffd-2ced039a899d/portfolio/1785952086884_2c6c80f7c65e5393.mp4 c104c84b-c9af-437f-8ffd-2ced039a899d/portfolio/1789926152903_5688b34604f39c79.mov
21	Taylor Ciulla	US			cacca53c-f596-4625-ade9-98b835cb4551/portfolio/1789441746193_b267eb2bf7aaea31.MOV cacca53c-f596-4625-ade9-98b835cb4551/portfolio/1789441835982_e49110c9652d8bf7.MP4
22	Brittney Burris	US	lifebetweennapss	@lifebetweennapss	bfef242a-6e4c-4ec8-8522-ebe55d700c8e/portfolio/1786808669251_535ea98a043daff2.mp4 bfef242a-6e4c-4ec8-8522-ebe55d700c8e/portfolio/1788420160945_bb5b37d5942804b6.mov
23	Hailey Mullins	US	handpicked.byhailey	@haileyrmullins	be010158-8fbb-475d-9f51-583014919ac4/portfolio/1789677172993_79a9d39f5ed32f50.mov be010158-8fbb-475d-9f51-583014919ac4/portfolio/1790028145537_dd2944c19349a5b5.mov
24	Kali Severn	US	kaliugccreator	@kalisahm	4dad8e78-e0e1-49e9-929e-82e1dd7d51e0/portfolio/1785984107586_6e25d969827311eb.mov 4dad8e78-e0e1-49e9-929e-82e1dd7d51e0/portfolio/1788792440067_1fc68d04c3897f8d.mov
25	Scarlet Jeppson	US	thescarletcreative	@scarlet.ugcmama	0f46fd5f-50f1-4e36-a765-2172fdf71fd7/portfolio/1785875325619_079db3b9eeaf4327.mov 0f46fd5f-50f1-4e36-a765-2172fdf71fd7/portfolio/1785875483485_b5d343dfc0174629.mov
26	Rebekah Gentry	US	gentryrebekah76ugc	@rebekahgentry3	1a736c23-0be9-41a5-9d6f-42c704eeb056/portfolio/1785776367836_5139e74185ad95a8.mov 1a736c23-0be9-41a5-9d6f-42c704eeb056/portfolio/1789101471964_fbe21c18c5367ab0.mov
27	Precious Brown	US	preciousshoneyy	@preciousthinggs	fd519e0f-1997-4736-b68a-5e0ba637af0f/portfolio/1789880007516_7b730af0292b538c.mov fd519e0f-1997-4736-b68a-5e0ba637af0f/portfolio/1789880373536_d6b851a6d2ea5a40.mov
28	Alicia Lynn Sherry	US		@alicia.sherry
29	Alyssa Kell	US			f8985377-f36a-460b-b2ef-3e4d3b2dbfff/portfolio/1789871083741_40fa8b774a166c66.mov f8985377-f36a-460b-b2ef-3e4d3b2dbfff/portfolio/1790048290709_392b03fb40dc9f78.mov
30	Chanel Bodine	US	chanelbodine_	@chanelbodine1	481172d5-995d-467c-8a36-d9ba4e91215d/portfolio/1789927707774_0608f96715984ed7.mov 481172d5-995d-467c-8a36-d9ba4e91215d/portfolio/1789927725008_be10c7950cc821ec.mov
31	Prisca Amarachi	US	pris.ca8805	@priscaamarachi4	c0225117-e7b5-4b11-95d0-b634269e129f/portfolio/1789937628285_9d52a9a81b2c05ff.mp4 c0225117-e7b5-4b11-95d0-b634269e129f/portfolio/1790023082560_076a07b3e79078bc.mp4
32	Ariella Nathan	US
33	Kristen Smith	CA	kristensmithxo	@kristenyolanda_	fe2ff4ae-58bc-4e5f-8b51-075cb924b4f7/portfolio/1789946468409_ddbd849d547892c1.mp4 fe2ff4ae-58bc-4e5f-8b51-075cb924b4f7/portfolio/1789946622150_d16b263ed745e1ac.mp4
34	Abigail Twitty	CA	abbey.shewan_	@abbey.shewan	c41b98c0-ed95-4663-b574-05db11ec98d3/portfolio/1789959848033_e1e0253ffdb095df.mov c41b98c0-ed95-4663-b574-05db11ec98d3/portfolio/1790100397301_9c6d7f8b30f6e60e.mov
35	Marisa Miller	US	marisamamaof4	@marisamamaof4	faa34374-271a-486b-b180-de3584dfe85a/portfolio/1787674110389_58b5573ed55f719b.mov faa34374-271a-486b-b180-de3584dfe85a/portfolio/1787675579260_6d1fa064b4c10dea.mov
36	Crystal Stewart	US	crystaldawnstewart	@crystaldoesugc	05748622-bd97-4bb5-9dcf-f5687297dc5e/portfolio/1789827720446_3636f199d23d5ff1.mov 05748622-bd97-4bb5-9dcf-f5687297dc5e/portfolio/1789827775375_bc125c52cf44442c.mov
37	Shelby Alvarado	US		@misfitmrs
38	katlyn preston	US	katlyn.preston_	@katlyn.preston	cb4b5063-aaad-462b-a864-b652dfecebaf/portfolio/1782833122117_f567b540590c1791.mov cb4b5063-aaad-462b-a864-b652dfecebaf/portfolio/1784416888471_00a26e74aac73b3d.mp4
39	Macy Kinney	US	macykinney_	@macy.kinney	5170fb5f-0db0-4f25-b4ef-5f22d7e67bcf/portfolio/1789617969314_f6abf58799c5196e.mov 5170fb5f-0db0-4f25-b4ef-5f22d7e67bcf/portfolio/1789618244943_e83b31c67576118d.mov
40	Tabitha Ford	US	tabithamford	@becomingthefords	9b30097e-3b55-49b7-8ab0-374b5a29db5c/portfolio/1786495062239_56dbd0b87d9f95b3.mov 9b30097e-3b55-49b7-8ab0-374b5a29db5c/portfolio/1786495251437_875128beab88a84a.mov
41	Corina	US	corina_momfinds	@corinaellison1	1a172e2e-3193-42d8-944d-2dc38ad1835d/portfolio/1784100865739_8afb4f58175fc549.mov 1a172e2e-3193-42d8-944d-2dc38ad1835d/portfolio/1786047030474_c1cc47e3ee548254.mp4
42	Kristine Grena	LV	kristiinegreena	@buballoons0	c4001ef0-350c-438a-99cd-1e4a5be2601b/portfolio/1789973151621_909db2a87aaf81f1.mov
43	Christine Videna	CA	christineemariel	@christineemariel	677f3745-4dfd-455f-aa73-3525c15b03b8/portfolio/1786398011463_88b07a2b34b048b1.mov 677f3745-4dfd-455f-aa73-3525c15b03b8/portfolio/1786398668219_3cc0206430cde77f.mov
44	Kayla Taylor	US	kayla_iman	@kustombykayy	65a28466-e382-4ffe-9352-c58516171750/portfolio/1790002388015_3e9b71c11d7262c0.mov 65a28466-e382-4ffe-9352-c58516171750/portfolio/1790002506175_8c853270eba21a78.mov
45	Yesenia Wittman	US	yeseniawittman	@yeseniawittman	94c89f1c-4231-416b-834b-b5b06e691833/portfolio/1790004821668_c1cb3982f4cb65bc.mov 94c89f1c-4231-416b-834b-b5b06e691833/portfolio/1790004939414_053c9ccfdf521430.mov
46	Taylor Condidorio	US	thecondidorioedit		4e509343-6098-44b5-9e77-dd63362f0ea2/portfolio/1789958926467_73f20c18bddd71d9.mov 4e509343-6098-44b5-9e77-dd63362f0ea2/portfolio/1789959066505_02bbecc4089422d2.mov
47	Neva Griffin	US	nevag757
48	Kacie Roberts	US	kacierobertss	@kacierobertss	25d48148-1bf6-4de3-885d-035a6f9c66f1/portfolio/1786067220908_59aef40d0765888c.mov 25d48148-1bf6-4de3-885d-035a6f9c66f1/portfolio/1789173606643_a2b60094958367da.mov
49	Meagan Hampton	US			cef94ae0-21a7-491c-87b3-e7838b9abeb8/portfolio/1789071399971_1638a4da45b8d218.mov cef94ae0-21a7-491c-87b3-e7838b9abeb8/portfolio/1789071545047_4c67a0c83cfef886.mov
50	Alexandra Krzemienieswki	US		@alliesahmlife	e759dfc8-d679-4c7b-8be0-934f09664215/portfolio/1790015435764_3f367369061bf5b6.mov e759dfc8-d679-4c7b-8be0-934f09664215/portfolio/1790015565511_31c56bb26911c756.mov
51	Casey Muniz	US	caseymuniz__	@gracefullycase	2f388b45-63b7-404f-92b7-771226d37b18/portfolio/1790019892970_a5c46c1d88780045.mov 2f388b45-63b7-404f-92b7-771226d37b18/portfolio/1790019936784_cd6390a591108a8e.mov
52	Brianna Walker	US			0d781933-56b6-4928-9309-b89c2659570d/portfolio/1789015814399_a926bbdb59548347.mov 0d781933-56b6-4928-9309-b89c2659570d/portfolio/1789015862511_a9cd99b1ac6d926b.mov
53	Michelle Thode	US	thesassyfunnymom	@michelleashley1003	5a352904-b1be-4715-9867-02ee68a1d4b6/portfolio/1788732680573_b102b3698aeb27da.mp4 5a352904-b1be-4715-9867-02ee68a1d4b6/portfolio/1788732981148_180a591dcc1514b1.mp4
54	Meghin Furniss	US	meghinfurniss	@meghin.furniss	79a4b51d-4270-4bdf-904c-61cd1a33fbc0/portfolio/1789765317546_7f86498fa97acc65.mov 79a4b51d-4270-4bdf-904c-61cd1a33fbc0/portfolio/1789765667331_d757e9c681ef9225.mov
55	Maddie Tesimale	US	maddie.tesimale	@maddie.tesimale	8f4178e1-4f60-4b6c-98e8-3b49f626c64b/portfolio/1789165912532_62e92bca47dad828.MOV 8f4178e1-4f60-4b6c-98e8-3b49f626c64b/portfolio/1790025885708_29b4d60bbb179b82.MOV
56	Chelsea Debruin	US	chelseainmichigan	@chelseainmichigan	e89c0cad-4845-4d10-9497-9cc0ec8c3c0c/portfolio/1787015437097_d09b196528786cd9.mov e89c0cad-4845-4d10-9497-9cc0ec8c3c0c/portfolio/1787015470298_01cbacf90b877d24.mov
57	Jess Bukoskey	US	jessieb622		8045fd7d-58c4-4070-9d41-12e87d89dff8/portfolio/1789923976242_999bf1260096b71b.mov
58	Kayla Wright	US	kaylamwrightttt	@kaylamwrightttt	57538e68-8685-46d6-be59-03f7132153a7/portfolio/1789513972878_47af25b52900b252.mov 57538e68-8685-46d6-be59-03f7132153a7/portfolio/1790036679077_a06498d9e35f2abf.mov
59	Melissa Otero Abugazaleh	US	melissa.o.abu	@dr..melissa	84791f61-d2fd-4e81-92b4-c25ec5b4c024/portfolio/1785264065057_4de43d0492fd7b16.mov 84791f61-d2fd-4e81-92b4-c25ec5b4c024/portfolio/1785264163931_7f3b5cfd71fb9106.mov
60	Megan Chronister	US		@maaaagggen	cf3f97b1-ef22-4f41-9104-5198cf1ab6ba/portfolio/1789870441846_458139131ef02cbd.mp4 cf3f97b1-ef22-4f41-9104-5198cf1ab6ba/portfolio/1789870490216_045527013dc790b2.mp4
61	Jaya Castro	US		@jaya.ugc3
62	Dallyce Holm	US	dallyceshopfinds	@dallyceholm	d331122c-1bd5-4b85-9378-13452802cb5b/portfolio/1787108155817_b3b9beee2e2d6702.mp4 d331122c-1bd5-4b85-9378-13452802cb5b/portfolio/1787108242424_1bcaf86d6603b25b.mp4
63	Sarah Jones	US	rockingangelsempire		b332021e-b485-4518-94ed-798c81873713/portfolio/1786242289443_68986351ffc957f2.mov b332021e-b485-4518-94ed-798c81873713/portfolio/1786242310894_5000c16737ca7cdd.mov
64	Kenzie Thomas	US		@kenzl_thomas	0917ef29-010f-48f2-a38f-37f6cc968acf/portfolio/1789748261204_5bf5972c007e6ad5.mov 0917ef29-010f-48f2-a38f-37f6cc968acf/portfolio/1789748321479_6d7e0b7a63442fe3.mov
65	Samantha bumstead	US	sami_b_3		a2c345c9-7928-4df3-8fbf-3ea5b780eb5d/portfolio/1789962315282_7c229293df8989c4.mov a2c345c9-7928-4df3-8fbf-3ea5b780eb5d/portfolio/1790107892943_fb3259cfa7cef42b.mov
66	Leila Hernandez	US		@yourmomdailyy	c65bf075-3067-4f0d-a309-09c04c6f6877/portfolio/1790058278827_9308134b798b4fa7.mov c65bf075-3067-4f0d-a309-09c04c6f6877/portfolio/1790105706015_a9f87443d5ecdd8b.mov
67	Muhammad Shakeel	PK			49fefef8-0248-4db9-a682-28d85fd36663/portfolio/1789367983884_2c8005080762edb5.mp4
68	Rachel Sagastume	US	omiiella		2cdcb91a-b2b2-4fb3-a279-4e2df01dd369/portfolio/1786440109387_7cf0cba032b8c202.mov 2cdcb91a-b2b2-4fb3-a279-4e2df01dd369/portfolio/1789336920566_c2444937ec65ccb7.mov
69	Flor Batista	US	flor_batista28	@florbatista50	cfd11a92-d91d-4ce4-bb66-22c5a47d3c98/portfolio/1789936431694_9ef54d6cc8624317.mov cfd11a92-d91d-4ce4-bb66-22c5a47d3c98/portfolio/1789936636372_72a6ea2d3efede55.mov
70	Yaritzacruz	US	ya.ritza550	@yaritzacruz2129	c1086221-0aee-4668-9409-943d8c693079/portfolio/1789941166252_d9c9c22cd24f61e7.mov c1086221-0aee-4668-9409-943d8c693079/portfolio/1789941248567_f86fadf2b5f4c4e7.mov
71	Kayla M DeBoard	US	kaylamarie.official	@kaylamarie.official	70f2af90-6dfb-4012-a385-9206b4aca41f/portfolio/1788884600734_40e2d790cc24c5d9.mp4 70f2af90-6dfb-4012-a385-9206b4aca41f/portfolio/1789994378582_8c50345cc328a93c.mp4
72	Cassie Burris	US	sassicass43	@sassicass_twitchofficial	3979175e-e69b-499d-8cb6-525286f7eeca/portfolio/1783945344342_59f3edce2ed7b998.mov 3979175e-e69b-499d-8cb6-525286f7eeca/portfolio/1786933233810_f0bd17dbec00d103.mp4
73	Carolay Perez	US		@carolayperezm	429f0147-437f-41db-a1ac-f4b0a545eb41/portfolio/1780420019004_adb3c3d8f4b807e9.mp4 429f0147-437f-41db-a1ac-f4b0a545eb41/portfolio/1790095586129_27999bb97c78ea15.mov
74	Aleksandra Zajaczkowska	US	aleksandramazaja	@aleksandra.za15
75	Autumn Tobiasz	US		@padronfamilyadventures
76	Madison green	US	maddiedempie18	@maddiegreen6	f16ac304-8ac7-46d8-9bc6-1663c5af153b/portfolio/1788841374995_1851feaf2faa80be.mov f16ac304-8ac7-46d8-9bc6-1663c5af153b/portfolio/1790091697161_0b3da216e9c8de2d.mov
77	Jemyah Brasfield	US		@jemyahnicole	0c345983-e1ea-4165-8013-7e1c48513a58/portfolio/1789834238995_9fd4bc759015247c.mov 0c345983-e1ea-4165-8013-7e1c48513a58/portfolio/1789847133753_7dc3be83b076efb2.mov
