rank	trybe_id	creator	sales	spend	verdict	evidence
1	1706e53e	Kia Layton	18800	14296	SALE-LED	hook "PSA BAMBORA SUMMER SALE IS STILL LIVE!"
2		Cambria Reau	7980	8770	CLEAN	"most underrated baby item"
3		Cambria Reau	6350	6340	CLEAN	"Save your sanity with this baby sling"
4		Kia Layton	4040	2880	SALE-LED	hook "SOMEONE MESSED UP - CRAZY SUMMER SALE RIGHT NOW"
5	53ba076f	Mary Saggau	3640	3570	CLEAN	"for every mom who told me... toddler"
6	f8b61b37	Tayler Raza	3440	4310	CLEAN	"every mom NEEDS this"
7	96e3a4bf	Sophia Lease	3040	2770	CLEAN	"the wrap takes too long..."
8	104f1377	Myrka Bustillo	2450	2490	CLEAN	"got a little easier with the sling carrier"
9	1f67f959	Carissa Lyman	2250	3110	CLEAN	no captions across 5 sample points
10	71b1b23e	Ciara Burnett	2040	1992	SALE-AT-END	organic 90%; "summer sale going on now" at t=21.4/23.3s
11	9a6e2ff?	Cassie Avery Charvat	2010	1712	CLEAN	"never cuddled like this" / "is this easy?"
12	efe9f7f?	Tasha Clay	1920	1605	CLEAN	no sale captions
13	f0a064ad	Kia Layton	1550	1282	SALE-LED	hook "BAMBORA SALE ALERT"
14	517f74e?	Cloe Peluola	1510	1327	SALE-HEAVY	"TAKE ADVANTAGE OF" t=50% + "SUMMER SALE" t=90%
15	adcf8a46	Lauren Leneave	1510	1781	CLEAN	no captions
16	76d9e729	Lilly Clark	1440	1966	CLEAN	"...baby - this sling"
17	1f18e6c7	Danielle Corbin	1430	2022	CLEAN	"so it doesn't... long."
18	6a6bad57	Krystal Camacho	1400	1747	CLEAN	no sale captions
19	2c817df4	Cambria Reau	1340	1188	CLEAN	"clingy baby solved with sling carrier"
20	8e526443	katherine bodie	1230	1094	SALE-LED	hook t=1.5s "...'S ON SALE"
21	18bc5242	Jennifer Thomas	1220	680	SALE-LED	"SALE ALERT!" banner + "this is such a good sale"
22	18a50732	Mackenzie Perez	1130	1298	CLEAN	"Bambora carrier is so safe and convenient"
23	10583a8d	Regan Harrison	771.63	1071	CLEAN	"going to the coffee shop got a whole lot easier"
24	f686a2c7	Cherise Pxx	533.72	1018	CLEAN	day-of-week outfit montage
25	2483b948	Shelby Pxx	517.41	1009	CLEAN	toddler-carrying listicle
26	89394f1e	Hannah Lxx	499.46	649	CLEAN	"MUST HAVE BABY CARRIER"
27	23dd42e5	Jennifer Thomas	487.18	822	CLEAN	"telling me you're a spoiled baby"
28	87977d6f	Courtney Dxx	474.27	576	CLEAN	no captions
29	986fdd16	Jennifer Thomas	451.67	781	CLEAN	"color of the new moms in Bambora Carriers"
30	b611b374	Vanessa Hxx	448.34	785	CLEAN	"I got a stage 5 clinger"
31	436687e5	Tayler Raza	423.14	401	CLEAN	organic; "before they sell out!" scarcity only, no discount
32	b86cdf87	Lilly Clark	420.67	321	CLEAN	"wish I had this sooner"
33	397a0d28	Natalie Fxx	404.75	273	CLEAN	"hands free carrying with comfort"
34	482acd47	Jennifer Thomas	404.53	903	CLEAN	"Bambora Sling carrier for things you wouldn't expect"
35	d2414bee	Jennifer Thomas	403.80	545	CLEAN	"favorite mom hack stage 5 clinger baby"
36	1f9f23de	Danielle Corbin	376.14	293	CLEAN	no sale captions
37	dbc15d1e	Luz Vxx	374.54	413	CLEAN	"a baby koala, but no longer sore wrists"
38	14612979	Georgie Alex	362.06	643	CLEAN	"mom life looks like..."
39	827556eb	Jasmyn Fxx	347.65	286	CLEAN	"fair must haves: Bambora Sling"
40	adbc589c	Ciara Burnett	336.18	258	CLEAN	"way of carrying a baby"
41	a8aa01bc	Tiffany Wise	327.26	389	CLEAN	"hack to carry around velcro toddlers"
42	78512b7e	Hayley Sxx	312.31	526	CLEAN	"climbed a mountain pregnant holding my 2.5 y/o in this sling"
