rank	creator	ads	trybe_sales	cr_earnings	cpa	purch_value	roas	spend	thumbstop
1	Kia L.	4	18800	2260	29.78	29800	2.09	14300	26.15
2	Cambria R.	3	7980	958.07	33.74	15200	1.73	8770	47.73
3	Cambria R.	2	6350	760.66	30.92	12100	1.91	6340	45.15
4	Kia L.	3	4040	484.35	30.94	6280	2.18	2880	30.16
5	Mary S.	2	3640	331.83	34.98	6220	1.74	3570	19.14
6	Tayler R.	2	3440	282.73	35.59	7460	1.73	4310	45.64
7	Sophia L.	3	3040	363.71	34.61	5110	1.84	2770	40.89
8	Myrka B.	3	2450	244.73	37.67	4070	1.64	2490	51.66
9	Carissa L.	3	2250	270.06	37.02	4970	1.60	3110	41.71
10	Ciara B.	2	2040	245.18	34.34	3570	1.79	1990	19.51
11	Cassie Avery C.	1	2010	241.07	27.61	3740	2.19	1710	34.83
12	Tasha C.	1	1920	230.51	30.29	3100	1.93	1610	14.43
13	Kia L.	3	1550	186.44	47.46	1930	1.50	1280	15.74
14	Cloe P.	NA	1510	NA	NA	NA	1.95	1330	26.19
15	Lauren L.	NA	1510	NA	NA	NA	1.76	1780	18.73
16	Lilly C.	NA	1440	NA	NA	NA	NA	NA	NA
17	Danielle C.	NA	1430	NA	NA	NA	NA	NA	NA
18	Krystal C.	NA	1400	NA	NA	NA	NA	NA	NA
19	Cambria R.	NA	1340	NA	NA	NA	NA	NA	NA
20	katherine b.	NA	1230	NA	NA	NA	NA	NA	NA
21	Jennifer T.	NA	1220	NA	NA	NA	NA	NA	NA
22	Mackenzie P.	NA	1130	NA	NA	NA	NA	NA	NA
23	Regan H.	3	771.63	77.18	34.55	1760	1.64	1070	32.64
24	Cherise P.	2	533.72	53.38	50.91	1190	1.16	1020	21.57
25	Shelby P.	2	517.41	62.09	36.05	1680	1.67	1010	25.24
26	Hannah L.	2	499.46	49.95	49.91	834.76	1.29	648.88	23.98
27	Jennifer T.	2	487.18	58.47	32.88	1520	1.84	822.03	57.71
28	Courtney D.	3	474.27	56.91	44.32	808.73	1.40	576.19	21.04
29	Jennifer T.	2	451.67	36.85	48.84	946.61	1.21	781.40	15.82
30	Vanessa H.	2	448.34	NA	NA	NA	1.43	785.28	21.82
31	Tayler R.	2	423.14	34.19	30.86	721.31	1.80	401.16	43.31
32	Lilly C.	2	420.67	42.07	22.93	769.39	2.40	320.95	24.19
33	Natalie F.	2	404.75	48.58	34.08	496.12	1.82	272.66	19.07
34	Jennifer T.	2	404.53	41.89	37.61	1330	1.48	902.68	23.21
35	Jennifer T.	2	403.80	54.58	41.91	768.12	1.41	544.80	51.07
36	Danielle C.	2	376.14	45.13	29.31	635.92	2.17	293.13	45.44
37	Luz V.	2	374.54	37.46	68.89	366.47	0.89	413.31	33.54
38	Georgie A.	1	362.06	43.44	58.49	699.91	1.09	643.41	32.39
39	Jasmyn F.	2	347.65	41.71	28.60	553.83	1.94	286.00	21.92
40	Ciara B.	1	336.18	40.33	28.68	524.53	2.03	258.15	17.61
41	Tiffany W.	1	327.26	39.26	32.41	721.33	1.85	388.93	19.94
42	Hayley s.	2	312.31	31.24	35.08	812.22	1.54	526.25	26.02
